,Name,Sex,Team,NOC,Year,City,Sport,Event,Medal
243917,Alex Bowen,M,United States,USA,2024,Paris,Water Polo,Men,Bronze
243918,Luca Cupido,M,United States,USA,2024,Paris,Water Polo,Men,Bronze
243919,Hannes Daube,M,United States,USA,2024,Paris,Water Polo,Men,Bronze
243920,William Dodd,M,United States,USA,2024,Paris,Water Polo,Men,Bronze
243921,Ryder Dodd,M,United States,USA,2024,Paris,Water Polo,Men,Bronze
243922,Ben Hallock,M,United States,USA,2024,Paris,Water Polo,Men,Bronze
243923,Drew Holland,M,United States,USA,2024,Paris,Water Polo,Men,Bronze
243924,Johnny Hooper,M,United States,USA,2024,Paris,Water Polo,Men,Bronze
243925,Max Irving,M,United States,USA,2024,Paris,Water Polo,Men,Bronze
243926,Alex Obert,M,United States,USA,2024,Paris,Water Polo,Men,Bronze
243927,Marko Vavic,M,United States,USA,2024,Paris,Water Polo,Men,Bronze
243928,Adrian Weinberg,M,United States,USA,2024,Paris,Water Polo,Men,Bronze
243929,Dylan Woodhead,M,United States,USA,2024,Paris,Water Polo,Men,Bronze
243930,Mary Ausmus,F,United States,USA,2024,Paris,Water Polo,Women,No medal
243931,Rachel Fattal,F,United States,USA,2024,Paris,Water Polo,Women,No medal
243932,Jenna Flynn,F,United States,USA,2024,Paris,Water Polo,Women,No medal
243933,Kaleigh Gilchrist,F,United States,USA,2024,Paris,Water Polo,Women,No medal
243934,Ashleigh Johnson,F,United States,USA,2024,Paris,Water Polo,Women,No medal
243935,Amanda Longan,F,United States,USA,2024,Paris,Water Polo,Women,No medal
243936,Maddie Musselman,F,United States,USA,2024,Paris,Water Polo,Women,No medal
243937,Ryann Neushul,F,United States,USA,2024,Paris,Water Polo,Women,No medal
243938,Tara Prentice,F,United States,USA,2024,Paris,Water Polo,Women,No medal
243939,Jordan Raney,F,United States,USA,2024,Paris,Water Polo,Women,No medal
243940,Jewel Roemer,F,United States,USA,2024,Paris,Water Polo,Women,No medal
243941,Maggie Steffens,F,United States,USA,2024,Paris,Water Polo,Women,No medal
243942,Jovana Sekulic,F,United States,USA,2024,Paris,Water Polo,Women,No medal
244865,Jourdan Delacruz,F,United States,USA,2024,Paris,Weightlifting,Women's 49kg,No medal
244866,Wes Kitts,M,United States,USA,2024,Paris,Weightlifting,Men's 102kg,No medal
244867,Hampton Morris,M,United States,USA,2024,Paris,Weightlifting,Men's 61kg,Bronze
244868,Olivia Reeves,F,United States,USA,2024,Paris,Weightlifting,Women's 71kg,Gold
244869,Mary Theisen,F,United States,USA,2024,Paris,Weightlifting,Women's +81kg,No medal
244885,Lauren Carlini,F,United States,USA,2024,Paris,Volleyball,Women,Silver
244886,Andrea Drews,F,United States,USA,2024,Paris,Volleyball,Women,Silver
244887,Micha Hancock,F,United States,USA,2024,Paris,Volleyball,Women,Silver
244888,Jordan Larson,F,United States,USA,2024,Paris,Volleyball,Women,Silver
244889,Chiaka Ogbogu,F,United States,USA,2024,Paris,Volleyball,Women,Silver
244890,Kathryn Plummer,F,United States,USA,2024,Paris,Volleyball,Women,Silver
244891,Jordyn Poulter,F,United States,USA,2024,Paris,Volleyball,Women,Silver
244892,Dana Rettke,F,United States,USA,2024,Paris,Volleyball,Women,Silver
244893,Kelsey Robinson,F,United States,USA,2024,Paris,Volleyball,Women,Silver
244894,Avery Skinner,F,United States,USA,2024,Paris,Volleyball,Women,Silver
244895,Jordan Thompson,F,United States,USA,2024,Paris,Volleyball,Women,Silver
244896,Haleigh Washington,F,United States,USA,2024,Paris,Volleyball,Women,Silver
244897,Justine Wong-orantes,F,United States,USA,2024,Paris,Volleyball,Women,Silver
244910,Micah Ma'a,M,United States,USA,2024,Paris,Volleyball,Men,Bronze
244911,Matthew Anderson,M,United States,USA,2024,Paris,Volleyball,Men,Bronze
244912,Taylor Averill,M,United States,USA,2024,Paris,Volleyball,Men,Bronze
244913,Micah Christenson,M,United States,USA,2024,Paris,Volleyball,Men,Bronze
244914,Torey Defalco,M,United States,USA,2024,Paris,Volleyball,Men,Bronze
244915,Kyle Ensing,M,United States,USA,2024,Paris,Volleyball,Men,Bronze
244916,Maxwell Holt,M,United States,USA,2024,Paris,Volleyball,Men,Bronze
244917,Thomas Jaeschke,M,United States,USA,2024,Paris,Volleyball,Men,Bronze
244918,Jeffrey Jendryk,M,United States,USA,2024,Paris,Volleyball,Men,Bronze
244919,Garrett Muagututia,M,United States,USA,2024,Paris,Volleyball,Men,Bronze
244920,Aaron Russell,M,United States,USA,2024,Paris,Volleyball,Men,Bronze
244921,Erik Shoji,M,United States,USA,2024,Paris,Volleyball,Men,Bronze
244922,David Smith,M,United States,USA,2024,Paris,Volleyball,Men,Bronze
244925,Andrew Benesh,M,United States,USA,2024,Paris,Beach Volleyball,Men,No medal
244926,Chase Budinger,M,United States,USA,2024,Paris,Beach Volleyball,Men,No medal
244927,Kelly Cheng,F,United States,USA,2024,Paris,Beach Volleyball,Women,No medal
244928,Miles Evans,M,United States,USA,2024,Paris,Beach Volleyball,Men,No medal
244929,Sara Hughes,F,United States,USA,2024,Paris,Beach Volleyball,Women,No medal
244930,Taryn Kloth,F,United States,USA,2024,Paris,Beach Volleyball,Women,No medal
244931,Kristen Nuss,F,United States,USA,2024,Paris,Beach Volleyball,Women,No medal
244932,Miles Partain,M,United States,USA,2024,Paris,Beach Volleyball,Men,No medal
246480,Taylor Knibb,F,United States,USA,2024,Paris,"Cycling Road, Triathlon",Women's Individual Time Trial,No medal
246481,Taylor Knibb,F,United States,USA,2024,Paris,"Cycling Road, Triathlon",Women's Individual,No medal
246482,Kirsten Kasper,F,United States,USA,2024,Paris,Triathlon,Women's Individual,No medal
246483,Morgan Pearson,M,United States,USA,2024,Paris,Triathlon,Men's Individual,No medal
246484,Seth Rider,M,United States,USA,2024,Paris,Triathlon,Men's Individual,No medal
246485,Taylor Spivey,F,United States,USA,2024,Paris,Triathlon,Women's Individual,No medal
246486,Faith Dillon,F,United States,USA,2024,Paris,Taekwondo,Women -57kg,No medal
246487,Jonathan Healy,M,United States,USA,2024,Paris,Taekwondo,Men +80kg,No medal
246488,Cj Nickolas,M,United States,USA,2024,Paris,Taekwondo,Men -80kg,No medal
246489,Kristina Teachout,F,United States,USA,2024,Paris,Taekwondo,Women -67kg,Bronze
246490,Danielle Collins,F,United States,USA,2024,Paris,Tennis,Women's Doubles,No medal
246491,Danielle Collins,F,United States,USA,2024,Paris,Tennis,Women's Singles,No medal
246492,Emma Navarro,F,United States,USA,2024,Paris,Tennis,Women's Singles,No medal
246493,Christopher Eubanks,M,United States,USA,2024,Paris,Tennis,Men's Singles,No medal
246494,Taylor Fritz,M,United States,USA,2024,Paris,Tennis,Men's Doubles,Bronze
246495,Taylor Fritz,M,United States,USA,2024,Paris,Tennis,Men's Singles,No medal
246496,Taylor Fritz,M,United States,USA,2024,Paris,Tennis,Mixed Doubles,No medal
246497,Coco Gauff,F,United States,USA,2024,Paris,Tennis,Women's Doubles,No medal
246498,Coco Gauff,F,United States,USA,2024,Paris,Tennis,Women's Singles,No medal
246499,Coco Gauff,F,United States,USA,2024,Paris,Tennis,Mixed Doubles,No medal
246500,Marcos Giron,M,United States,USA,2024,Paris,Tennis,Men's Singles,No medal
246501,Austin Krajicek,M,United States,USA,2024,Paris,Tennis,Men's Doubles,Silver
246502,Desirae Krawczyk,F,United States,USA,2024,Paris,Tennis,Women's Doubles,No medal
246503,Tommy Paul,M,United States,USA,2024,Paris,Tennis,Men's Doubles,Bronze
246504,Tommy Paul,M,United States,USA,2024,Paris,Tennis,Men's Singles,No medal
246505,Jessica Pegula,F,United States,USA,2024,Paris,Tennis,Women's Doubles,No medal
246506,Jessica Pegula,F,United States,USA,2024,Paris,Tennis,Women's Singles,No medal
246507,Rajeev Ram,M,United States,USA,2024,Paris,Tennis,Men's Doubles,Silver
246508,Lily Zhang,F,United States,USA,2024,Paris,Table Tennis,Women's Singles,No medal
246509,Lily Zhang,F,United States,USA,2024,Paris,Table Tennis,Women's Team,No medal
246510,Kanak Jha,M,United States,USA,2024,Paris,Table Tennis,Men's Singles,No medal
246511,Rachel Sung,F,United States,USA,2024,Paris,Table Tennis,Women's Team,No medal
246512,Amy Wang,F,United States,USA,2024,Paris,Table Tennis,Women's Singles,No medal
246513,Amy Wang,F,United States,USA,2024,Paris,Table Tennis,Women's Team,No medal
246966,Abbey Weitzeil,F,United States,USA,2024,Paris,Swimming,Women's 4 x 100m Freestyle Relay,Silver
246967,Abbey Weitzeil,F,United States,USA,2024,Paris,Swimming,Relay Only Athlete,No medal
246968,Abbey Weitzeil,F,United States,USA,2024,Paris,Swimming,Mixed 4 x 100m Medley Relay,Gold
246969,Jack Alexy,M,United States,USA,2024,Paris,Swimming,Men's 100m Freestyle,No medal
246970,Jack Alexy,M,United States,USA,2024,Paris,Swimming,Men's 4 x 100m Freestyle Relay,Gold
246971,Jack Alexy,M,United States,USA,2024,Paris,Swimming,Men's 4 x 100m Medley Relay,Silver
246972,Hunter Armstrong,M,United States,USA,2024,Paris,Swimming,Men's 100m Backstroke,No medal
246973,Hunter Armstrong,M,United States,USA,2024,Paris,Swimming,Men's 4 x 100m Freestyle Relay,Gold
246974,Hunter Armstrong,M,United States,USA,2024,Paris,Swimming,Men's 4 x 100m Medley Relay,Silver
246975,Phoebe Bacon,F,United States,USA,2024,Paris,Swimming,Women's 200m Backstroke,No medal
246976,Katharine Berkoff,F,United States,USA,2024,Paris,Swimming,Women's 100m Backstroke,Bronze
246977,Katharine Berkoff,F,United States,USA,2024,Paris,Swimming,Women's 4 x 100m Medley Relay,Gold
246978,Erika Connolly,F,United States,USA,2024,Paris,Swimming,Women's 4 x 100m Freestyle Relay,Silver
246979,Erika Connolly,F,United States,USA,2024,Paris,Swimming,Relay Only Athlete,No medal
246980,Shaine Casas,M,United States,USA,2024,Paris,Swimming,Men's 200m Individual Medley,No medal
246981,Brooks Curry,M,United States,USA,2024,Paris,Swimming,Men's 4 x 200m Freestyle Relay,Silver
246982,Brooks Curry,M,United States,USA,2024,Paris,Swimming,Relay Only Athlete,No medal
246983,Mariah Denigan,F,United States,USA,2024,Paris,Marathon Swimming,Women's 10km,No medal
246984,Kate Douglass,F,United States,USA,2024,Paris,Swimming,Women's 200m Breaststroke,Gold
246985,Kate Douglass,F,United States,USA,2024,Paris,Swimming,Women's 200m Individual Medley,Silver
246986,Kate Douglass,F,United States,USA,2024,Paris,Swimming,Women's 4 x 100m Freestyle Relay,Silver
246987,Kate Douglass,F,United States,USA,2024,Paris,Swimming,Women's 4 x 100m Medley Relay,Gold
246988,Caeleb Dressel,M,United States,USA,2024,Paris,Swimming,Men's 100m Butterfly,No medal
246989,Caeleb Dressel,M,United States,USA,2024,Paris,Swimming,Men's 4 x 100m Freestyle Relay,Gold
246990,Caeleb Dressel,M,United States,USA,2024,Paris,Swimming,Men's 4 x 100m Medley Relay,Silver
246991,Caeleb Dressel,M,United States,USA,2024,Paris,Swimming,Men's 50m Freestyle,No medal
246992,Caeleb Dressel,M,United States,USA,2024,Paris,Swimming,Mixed 4 x 100m Medley Relay,Gold
246993,Matt Fallon,M,United States,USA,2024,Paris,Swimming,Men's 200m Breaststroke,No medal
246994,Nic Fink,M,United States,USA,2024,Paris,Swimming,Men's 100m Breaststroke,Silver
246995,Nic Fink,M,United States,USA,2024,Paris,Swimming,Men's 4 x 100m Medley Relay,Silver
246996,Nic Fink,M,United States,USA,2024,Paris,Swimming,Mixed 4 x 100m Medley Relay,Gold
246997,Bobby Finke,M,United States,USA,2024,Paris,Swimming,Men's 1500m Freestyle,Gold
246998,Bobby Finke,M,United States,USA,2024,Paris,Swimming,Men's 800m Freestyle,Silver
246999,Carson Foster,M,United States,USA,2024,Paris,Swimming,Men's 200m Individual Medley,No medal
247000,Carson Foster,M,United States,USA,2024,Paris,Swimming,Men's 400m Individual Medley,Bronze
247001,Carson Foster,M,United States,USA,2024,Paris,Swimming,Men's 4 x 200m Freestyle Relay,Silver
247002,Erin Gemmell,F,United States,USA,2024,Paris,Swimming,Women's 200m Freestyle,No medal
247003,Erin Gemmell,F,United States,USA,2024,Paris,Swimming,Women's 4 x 200m Freestyle Relay,Silver
247004,Katie Grimes,F,United States,USA,2024,Paris,"Marathon Swimming, Swimming",Women's 10km,No medal
247005,Katie Grimes,F,United States,USA,2024,Paris,"Marathon Swimming, Swimming",Women's 1500m Freestyle,No medal
247006,Katie Grimes,F,United States,USA,2024,Paris,"Marathon Swimming, Swimming",Women's 400m Individual Medley,No medal
247007,Chris Guiliano,M,United States,USA,2024,Paris,Swimming,Men's 100m Freestyle,No medal
247008,Chris Guiliano,M,United States,USA,2024,Paris,Swimming,Men's 200m Freestyle,No medal
247009,Chris Guiliano,M,United States,USA,2024,Paris,Swimming,Men's 4 x 100m Freestyle Relay,Gold
247010,Chris Guiliano,M,United States,USA,2024,Paris,Swimming,Men's 4 x 200m Freestyle Relay,Silver
247011,Chris Guiliano,M,United States,USA,2024,Paris,Swimming,Men's 50m Freestyle,No medal
247012,Thomas Heilman,M,United States,USA,2024,Paris,Swimming,Men's 100m Butterfly,No medal
247013,Thomas Heilman,M,United States,USA,2024,Paris,Swimming,Men's 200m Butterfly,No medal
247014,Thomas Heilman,M,United States,USA,2024,Paris,Swimming,Men's 4 x 100m Medley Relay,Silver
247015,Ryan Held,M,United States,USA,2024,Paris,Swimming,Men's 4 x 100m Freestyle Relay,Gold
247016,Ryan Held,M,United States,USA,2024,Paris,Swimming,Relay Only Athlete,No medal
247017,Luke Hobson,M,United States,USA,2024,Paris,Swimming,Men's 200m Freestyle,Bronze
247018,Luke Hobson,M,United States,USA,2024,Paris,Swimming,Men's 4 x 200m Freestyle Relay,Silver
247019,Torri Huske,F,United States,USA,2024,Paris,Swimming,Women's 100m Butterfly,Gold
247020,Torri Huske,F,United States,USA,2024,Paris,Swimming,Women's 100m Freestyle,Silver
247021,Torri Huske,F,United States,USA,2024,Paris,Swimming,Women's 4 x 100m Freestyle Relay,Silver
247022,Torri Huske,F,United States,USA,2024,Paris,Swimming,Women's 4 x 100m Medley Relay,Gold
247023,Torri Huske,F,United States,USA,2024,Paris,Swimming,Mixed 4 x 100m Medley Relay,Gold
247024,David Johnston,M,United States,USA,2024,Paris,Swimming,Men's 1500m Freestyle,No medal
247025,Keaton Jones,M,United States,USA,2024,Paris,Swimming,Men's 200m Backstroke,No medal
247026,Chase Kalisz,M,United States,USA,2024,Paris,Swimming,Men's 400m Individual Medley,No medal
247027,Drew Kibler,M,United States,USA,2024,Paris,Swimming,Men's 4 x 200m Freestyle Relay,Silver
247028,Drew Kibler,M,United States,USA,2024,Paris,Swimming,Relay Only Athlete,No medal
247029,Lilly King,F,United States,USA,2024,Paris,Swimming,Women's 100m Breaststroke,No medal
247030,Lilly King,F,United States,USA,2024,Paris,Swimming,Women's 200m Breaststroke,No medal
247031,Lilly King,F,United States,USA,2024,Paris,Swimming,Women's 4 x 100m Medley Relay,Gold
247032,Matt King,M,United States,USA,2024,Paris,Swimming,Men's 4 x 100m Freestyle Relay,Gold
247033,Matt King,M,United States,USA,2024,Paris,Swimming,Relay Only Athlete,No medal
247034,Katie Ledecky,F,United States,USA,2024,Paris,Swimming,Women's 1500m Freestyle,Gold
247035,Katie Ledecky,F,United States,USA,2024,Paris,Swimming,Women's 400m Freestyle,Bronze
247036,Katie Ledecky,F,United States,USA,2024,Paris,Swimming,Women's 4 x 200m Freestyle Relay,Silver
247037,Katie Ledecky,F,United States,USA,2024,Paris,Swimming,Women's 800m Freestyle,Gold
247038,Paige Madden,F,United States,USA,2024,Paris,Swimming,Women's 400m Freestyle,No medal
247039,Paige Madden,F,United States,USA,2024,Paris,Swimming,Women's 4 x 200m Freestyle Relay,Silver
247040,Paige Madden,F,United States,USA,2024,Paris,Swimming,Women's 800m Freestyle,Bronze
247041,Simone Manuel,F,United States,USA,2024,Paris,Swimming,Women's 4 x 100m Freestyle Relay,Silver
247042,Simone Manuel,F,United States,USA,2024,Paris,Swimming,Women's 4 x 200m Freestyle Relay,Silver
247043,Simone Manuel,F,United States,USA,2024,Paris,Swimming,Women's 50m Freestyle,No medal
247044,Josh Matheny,M,United States,USA,2024,Paris,Swimming,Men's 200m Breaststroke,No medal
247045,Ryan Murphy,M,United States,USA,2024,Paris,Swimming,Men's 100m Backstroke,Bronze
247046,Ryan Murphy,M,United States,USA,2024,Paris,Swimming,Men's 200m Backstroke,No medal
247047,Ryan Murphy,M,United States,USA,2024,Paris,Swimming,Men's 4 x 100m Medley Relay,Silver
247048,Ryan Murphy,M,United States,USA,2024,Paris,Swimming,Mixed 4 x 100m Medley Relay,Gold
247049,Anna Peplowski,F,United States,USA,2024,Paris,Swimming,Women's 4 x 200m Freestyle Relay,Silver
247050,Anna Peplowski,F,United States,USA,2024,Paris,Swimming,Relay Only Athlete,No medal
247051,Blake Pieroni,M,United States,USA,2024,Paris,Swimming,Men's 4 x 200m Freestyle Relay,Silver
247052,Blake Pieroni,M,United States,USA,2024,Paris,Swimming,Relay Only Athlete,No medal
247053,Ivan Puskovitch,M,United States,USA,2024,Paris,Marathon Swimming,Men's 10km,No medal
247054,Aaron Shackell,M,United States,USA,2024,Paris,Swimming,Men's 400m Freestyle,No medal
247055,Alex Shackell,F,United States,USA,2024,Paris,Swimming,Women's 200m Butterfly,No medal
247056,Alex Shackell,F,United States,USA,2024,Paris,Swimming,Women's 4 x 100m Medley Relay,Gold
247057,Alex Shackell,F,United States,USA,2024,Paris,Swimming,Women's 4 x 200m Freestyle Relay,Silver
247058,Kieran Smith,M,United States,USA,2024,Paris,Swimming,Men's 400m Freestyle,No medal
247059,Kieran Smith,M,United States,USA,2024,Paris,Swimming,Men's 4 x 200m Freestyle Relay,Silver
247060,Regan Smith,F,United States,USA,2024,Paris,Swimming,Women's 100m Backstroke,Silver
247061,Regan Smith,F,United States,USA,2024,Paris,Swimming,Women's 200m Backstroke,Silver
247062,Regan Smith,F,United States,USA,2024,Paris,Swimming,Women's 200m Butterfly,Silver
247063,Regan Smith,F,United States,USA,2024,Paris,Swimming,Women's 4 x 100m Medley Relay,Gold
247064,Regan Smith,F,United States,USA,2024,Paris,Swimming,Mixed 4 x 100m Medley Relay,Gold
247065,Charlie Swanson,M,United States,USA,2024,Paris,Swimming,Men's 100m Breaststroke,No medal
247066,Charlie Swanson,M,United States,USA,2024,Paris,Swimming,Men's 4 x 100m Medley Relay,Silver
247067,Charlie Swanson,M,United States,USA,2024,Paris,Swimming,Mixed 4 x 100m Medley Relay,Gold
247068,Luca Urlando,M,United States,USA,2024,Paris,Swimming,Men's 200m Butterfly,No medal
247069,Alex Walsh,F,United States,USA,2024,Paris,Swimming,Women's 200m Individual Medley,No medal
247070,Gretchen Walsh,F,United States,USA,2024,Paris,Swimming,Women's 100m Butterfly,Silver
247071,Gretchen Walsh,F,United States,USA,2024,Paris,Swimming,Women's 100m Freestyle,No medal
247072,Gretchen Walsh,F,United States,USA,2024,Paris,Swimming,Women's 4 x 100m Freestyle Relay,Silver
247073,Gretchen Walsh,F,United States,USA,2024,Paris,Swimming,Women's 4 x 100m Medley Relay,Gold
247074,Gretchen Walsh,F,United States,USA,2024,Paris,Swimming,Women's 50m Freestyle,No medal
247075,Gretchen Walsh,F,United States,USA,2024,Paris,Swimming,Mixed 4 x 100m Medley Relay,Gold
247076,Emma Weber,F,United States,USA,2024,Paris,Swimming,Women's 100m Breaststroke,No medal
247077,Emma Weber,F,United States,USA,2024,Paris,Swimming,Women's 4 x 100m Medley Relay,Gold
247078,Claire Weinstein,F,United States,USA,2024,Paris,Swimming,Women's 200m Freestyle,No medal
247079,Claire Weinstein,F,United States,USA,2024,Paris,Swimming,Women's 4 x 200m Freestyle Relay,Silver
247080,Emma Weyant,F,United States,USA,2024,Paris,Swimming,Women's 400m Individual Medley,Bronze
247081,Luke Whitlock,M,United States,USA,2024,Paris,Swimming,Men's 800m Freestyle,No medal
247848,Anita Alvarez,F,United States,USA,2024,Paris,Artistic Swimming,Team,Silver
247849,Jaime Czarkowski,F,United States,USA,2024,Paris,Artistic Swimming,Team,Silver
247850,Jaime Czarkowski,F,United States,USA,2024,Paris,Artistic Swimming,Duet,No medal
247851,Megumi Field,F,United States,USA,2024,Paris,Artistic Swimming,Team,Silver
247852,Megumi Field,F,United States,USA,2024,Paris,Artistic Swimming,Duet,No medal
247853,Keana Hunter,F,United States,USA,2024,Paris,Artistic Swimming,Team,Silver
247854,Audrey Kwon,F,United States,USA,2024,Paris,Artistic Swimming,Team,Silver
247855,Calista Liu,F,United States,USA,2024,Paris,Artistic Swimming,Team,Silver
247856,Jacklyn Luu,F,United States,USA,2024,Paris,Artistic Swimming,Team,Silver
247857,Daniella Ramirez,F,United States,USA,2024,Paris,Artistic Swimming,Team,Silver
247858,Ruby Remati,F,United States,USA,2024,Paris,Artistic Swimming,Team,Silver
247860,Griffin Colapinto,M,United States,USA,2024,Paris,Surfing,Men,No medal
247861,John Florence,M,United States,USA,2024,Paris,Surfing,Men,No medal
247862,Caroline Marks,F,United States,USA,2024,Paris,Surfing,Women,Gold
247863,Caitlin Simmers,F,United States,USA,2024,Paris,Surfing,Women,No medal
247864,Carissa Moore,F,United States,USA,2024,Paris,Surfing,Women,No medal
247881,Korbin Albert,F,United States,USA,2024,Paris,Football,Women,Gold
247882,Samantha Coffey,F,United States,USA,2024,Paris,Football,Women,Gold
247883,Tierna Davidson,F,United States,USA,2024,Paris,Football,Women,Gold
247884,Emily Fox,F,United States,USA,2024,Paris,Football,Women,Gold
247885,Naomi Girma,F,United States,USA,2024,Paris,Football,Women,Gold
247886,Lindsey Horan,F,United States,USA,2024,Paris,Football,Women,Gold
247887,Casey Krueger,F,United States,USA,2024,Paris,Football,Women,Gold
247888,Rose Lavelle,F,United States,USA,2024,Paris,Football,Women,Gold
247889,Emily Sams,F,United States,USA,2024,Paris,Football,Women,Gold
247890,Casey Murphy,F,United States,USA,2024,Paris,Football,Women,Gold
247891,Alyssa Naeher,F,United States,USA,2024,Paris,Football,Women,Gold
247892,Jenna Nighswonger,F,United States,USA,2024,Paris,Football,Women,Gold
247893,Trinity Rodman,F,United States,USA,2024,Paris,Football,Women,Gold
247894,Jaedyn Shaw,F,United States,USA,2024,Paris,Football,Women,Gold
247895,Sophia Smith,F,United States,USA,2024,Paris,Football,Women,Gold
247896,Emily Sonnett,F,United States,USA,2024,Paris,Football,Women,Gold
247897,Crystal Dunn,F,United States,USA,2024,Paris,Football,Women,Gold
247898,Mallory Swanson,F,United States,USA,2024,Paris,Football,Women,Gold
247899,Lynn Williams,F,United States,USA,2024,Paris,Football,Women,Gold
247909,Josh Atencio,M,United States,USA,2024,Paris,Football,Men,No medal
247910,McGLYNN Jack,M,United States,USA,2024,Paris,Football,Men,No medal
247911,Patrick Schulte,M,United States,USA,2024,Paris,Football,Men,No medal
247912,Paxten Aaronson,M,United States,USA,2024,Paris,Football,Men,No medal
247913,Taylor Booth,M,United States,USA,2024,Paris,Football,Men,No medal
247914,Gianluca Busio,M,United States,USA,2024,Paris,Football,Men,No medal
247915,Benjamin Cremaschi,M,United States,USA,2024,Paris,Football,Men,No medal
247916,Maximilian Dietz,M,United States,USA,2024,Paris,Football,Men,No medal
247917,Nathan Harriel,M,United States,USA,2024,Paris,Football,Men,No medal
247918,McGUIRE Duncan,M,United States,USA,2024,Paris,Football,Men,No medal
247919,Djordje Mihailovic,M,United States,USA,2024,Paris,Football,Men,No medal
247920,Kevin Paredes,M,United States,USA,2024,Paris,Football,Men,No medal
247921,Miles Robinson,M,United States,USA,2024,Paris,Football,Men,No medal
247922,Gabriel Slonina,M,United States,USA,2024,Paris,Football,Men,No medal
247923,Tanner Tessmann,M,United States,USA,2024,Paris,Football,Men,No medal
247924,John Tolkin,M,United States,USA,2024,Paris,Football,Men,No medal
247925,Caleb Wiley,M,United States,USA,2024,Paris,Football,Men,No medal
247926,Griffin Yow,M,United States,USA,2024,Paris,Football,Men,No medal
247927,Walker Zimmerman,M,United States,USA,2024,Paris,Football,Men,No medal
247951,Chris Joslin,M,United States,USA,2024,Paris,Skateboarding,Men's Street,No medal
247952,Gavin Bottger,M,United States,USA,2024,Paris,Skateboarding,Men's Park,No medal
247953,Tate Carew,M,United States,USA,2024,Paris,Skateboarding,Men's Park,No medal
247954,Mariah Duran,F,United States,USA,2024,Paris,Skateboarding,Women's Street,No medal
247955,Jagger Eaton,M,United States,USA,2024,Paris,Skateboarding,Men's Street,Silver
247956,Paige Heyn,F,United States,USA,2024,Paris,Skateboarding,Women's Street,No medal
247957,Nyjah Huston,M,United States,USA,2024,Paris,Skateboarding,Men's Street,Bronze
247958,Ruby Lilley,F,United States,USA,2024,Paris,Skateboarding,Women's Park,No medal
247959,Poe Pinson,F,United States,USA,2024,Paris,Skateboarding,Women's Street,No medal
247960,Tom Schaar,M,United States,USA,2024,Paris,Skateboarding,Men's Park,Silver
247961,Minna Stess,F,United States,USA,2024,Paris,Skateboarding,Women's Park,No medal
247962,Bryce Wettstein,F,United States,USA,2024,Paris,Skateboarding,Women's Park,No medal
247964,Morgan Abeln,F,United States,USA,2024,Paris,Shooting,10m Air Pistol Women,No medal
247965,Morgan Abeln,F,United States,USA,2024,Paris,Shooting,25m Pistol Women,No medal
247966,Keith Sanderson,M,United States,USA,2024,Paris,Shooting,25m Rapid Fire Pistol Men,No medal
247967,Vincent Hancock,M,United States,USA,2024,Paris,Shooting,Skeet Men,Gold
247968,Vincent Hancock,M,United States,USA,2024,Paris,Shooting,Skeet Mixed Team,Silver
247969,William Hinton,M,United States,USA,2024,Paris,Shooting,Trap Men,No medal
247970,William Kissell,M,United States,USA,2024,Paris,Shooting,10m Air Rifle Men,No medal
247971,William Kissell,M,United States,USA,2024,Paris,Shooting,50m Rifle 3 Positions Men,No medal
247972,William Kissell,M,United States,USA,2024,Paris,Shooting,10m Air Rifle Mixed Team,No medal
247973,Claudia Korkhin,F,United States,USA,2024,Paris,Shooting,25m Pistol Women,No medal
247974,Alexis Lagan,F,United States,USA,2024,Paris,Shooting,10m Air Pistol Women,No medal
247975,Turner Leverett,M,United States,USA,2024,Paris,Shooting,25m Rapid Fire Pistol Men,No medal
247976,Sagen Maddalena,F,United States,USA,2024,Paris,Shooting,10m Air Rifle Women,No medal
247977,Sagen Maddalena,F,United States,USA,2024,Paris,Shooting,50m Rifle 3 Positions Women,Silver
247978,Sagen Maddalena,F,United States,USA,2024,Paris,Shooting,10m Air Rifle Mixed Team,No medal
247979,Scott Mein,M,United States,USA,2024,Paris,Shooting,Trap Men,No medal
247980,Paige Phillips,F,United States,USA,2024,Paris,Shooting,Trap Women,No medal
247981,Lynn Prince,M,United States,USA,2024,Paris,Shooting,Skeet Men,Silver
247982,Lynn Prince,M,United States,USA,2024,Paris,Shooting,Skeet Mixed Team,No medal
247983,Ivan Roe,M,United States,USA,2024,Paris,Shooting,10m Air Rifle Men,No medal
247984,Ivan Roe,M,United States,USA,2024,Paris,Shooting,50m Rifle 3 Positions Men,No medal
247985,Ivan Roe,M,United States,USA,2024,Paris,Shooting,10m Air Rifle Mixed Team,No medal
247986,Jewell Smith,F,United States,USA,2024,Paris,Shooting,Skeet Women,Bronze
247987,Jewell Smith,F,United States,USA,2024,Paris,Shooting,Skeet Mixed Team,Silver
247988,Leighanne Tozier,F,United States,USA,2024,Paris,Shooting,Trap Women,No medal
247989,Carolynn Tucker,F,United States,USA,2024,Paris,Shooting,10m Air Rifle Women,No medal
247990,Carolynn Tucker,F,United States,USA,2024,Paris,Shooting,50m Rifle 3 Positions Women,No medal
247991,Carolynn Tucker,F,United States,USA,2024,Paris,Shooting,10m Air Rifle Mixed Team,No medal
247992,Jo Vizzi,F,United States,USA,2024,Paris,Shooting,Skeet Women,No medal
247993,Jo Vizzi,F,United States,USA,2024,Paris,Shooting,Skeet Mixed Team,No medal
247998,Nina Castagna,F,United States,USA,2024,Paris,Rowing,Women's Eight,No medal
247999,Ben Davison,M,United States,USA,2024,Paris,Rowing,Men's Double Sculls,No medal
248000,Molly Reckford,F,United States,USA,2024,Paris,Rowing,Lightweight Women's Double Sculls,No medal
248001,Maddie Wanamaker,F,United States,USA,2024,Paris,Rowing,Women's Eight,No medal
248002,Evan Olson,M,United States,USA,2024,Paris,Rowing,Men's Eight,Bronze
248003,Billy Bender,M,United States,USA,2024,Paris,Rowing,Men's Pair,No medal
248004,Justin Best,M,United States,USA,2024,Paris,Rowing,Men's Four,Gold
248005,Molly Bruggeman,F,United States,USA,2024,Paris,Rowing,Women's Eight,No medal
248006,Oliver Bub,M,United States,USA,2024,Paris,Rowing,Men's Pair,No medal
248007,Charlotte Buck,F,United States,USA,2024,Paris,Rowing,Women's Eight,No medal
248008,Chris Carlson,M,United States,USA,2024,Paris,Rowing,Men's Eight,Bronze
248009,Peter Chatain,M,United States,USA,2024,Paris,Rowing,Men's Eight,Bronze
248010,Olivia Coffey,F,United States,USA,2024,Paris,Rowing,Women's Eight,No medal
248011,Teal Cohen,F,United States,USA,2024,Paris,Rowing,Women's Quadruple Sculls,No medal
248012,Claire Collins,F,United States,USA,2024,Paris,Rowing,Women's Eight,No medal
248013,Liam Corrigan,M,United States,USA,2024,Paris,Rowing,Men's Four,Gold
248014,Azja Czajkowski,F,United States,USA,2024,Paris,Rowing,Women's Pair,No medal
248015,Clark Dean,M,United States,USA,2024,Paris,Rowing,Men's Eight,Bronze
248016,Emily Delleman,F,United States,USA,2024,Paris,Rowing,Women's Quadruple Sculls,No medal
248017,Michael Grady,M,United States,USA,2024,Paris,Rowing,Men's Four,Gold
248018,Margaret Hedeman,F,United States,USA,2024,Paris,Rowing,Women's Eight,No medal
248019,Henry Hollingsworth,M,United States,USA,2024,Paris,Rowing,Men's Eight,Bronze
248020,Grace Joyce,F,United States,USA,2024,Paris,Rowing,Women's Quadruple Sculls,No medal
248021,Emily Kallfelz,F,United States,USA,2024,Paris,Rowing,Women's Four,No medal
248022,Kate Knifton,F,United States,USA,2024,Paris,Rowing,Women's Four,No medal
248023,Kara Kohler,F,United States,USA,2024,Paris,Rowing,Women's Single Sculls,No medal
248024,Sorin Koszyk,M,United States,USA,2024,Paris,Rowing,Men's Double Sculls,No medal
248025,Daisy Mazzio-manson,F,United States,USA,2024,Paris,Rowing,Women's Four,No medal
248026,Nick Mead,M,United States,USA,2024,Paris,Rowing,Men's Four,Gold
248027,Rielly Milne,M,United States,USA,2024,Paris,Rowing,Men's Eight,Bronze
248028,Meghan Musnicki,F,United States,USA,2024,Paris,Rowing,Women's Eight,No medal
248029,Lauren O'connor,F,United States,USA,2024,Paris,Rowing,Women's Quadruple Sculls,No medal
248030,Jacob Plihal,M,United States,USA,2024,Paris,Rowing,Men's Single Sculls,No medal
248031,Pieter Quinton,M,United States,USA,2024,Paris,Rowing,Men's Eight,Bronze
248032,Kelsey Reelick,F,United States,USA,2024,Paris,Rowing,Women's Four,No medal
248033,Nick Rusher,M,United States,USA,2024,Paris,Rowing,Men's Eight,Bronze
248034,Regina Salmons,F,United States,USA,2024,Paris,Rowing,Women's Eight,No medal
248035,Michelle Sechser,F,United States,USA,2024,Paris,Rowing,Lightweight Women's Double Sculls,No medal
248036,Christian Tabash,M,United States,USA,2024,Paris,Rowing,Men's Eight,Bronze
248037,Jess Thoennes,F,United States,USA,2024,Paris,Rowing,Women's Pair,No medal
248038,Sophia Vitas,F,United States,USA,2024,Paris,Rowing,Women's Double Sculls,No medal
248039,Kristi Wagner,F,United States,USA,2024,Paris,Rowing,Women's Double Sculls,No medal
248884,Colin Duffy,M,United States,USA,2024,Paris,Sport Climbing,Men's Boulder & Lead,No medal
248885,Natalia Grossman,F,United States,USA,2024,Paris,Sport Climbing,Women's Boulder & Lead,No medal
248886,Jesse Grupper,M,United States,USA,2024,Paris,Sport Climbing,Men's Boulder & Lead,No medal
248887,Zach Hammer,M,United States,USA,2024,Paris,Sport Climbing,Men's Speed,No medal
248888,Emma Hunt,F,United States,USA,2024,Paris,Sport Climbing,Women's Speed,No medal
248889,Piper Kelly,F,United States,USA,2024,Paris,Sport Climbing,Women's Speed,No medal
248890,Brooke Raboutou,F,United States,USA,2024,Paris,Sport Climbing,Women's Boulder & Lead,Silver
248891,Sam Watson,M,United States,USA,2024,Paris,Sport Climbing,Men's Speed,Bronze
248892,Ian Barrows,M,United States,USA,2024,Paris,Sailing,Men's Skiff,Bronze
248893,Markus Edegran,M,United States,USA,2024,Paris,Sailing,Men's Kite,No medal
248894,Lara Dallman-weiss,F,United States,USA,2024,Paris,Sailing,Mixed Dinghy,No medal
248895,Hans Henken,M,United States,USA,2024,Paris,Sailing,Men's Skiff,Bronze
248896,David Liebenberg,M,United States,USA,2024,Paris,Sailing,Mixed Multihull,No medal
248897,Noah Lyons,M,United States,USA,2024,Paris,Sailing,Men's Windsurfing,No medal
248898,McNAY Stu,M,United States,USA,2024,Paris,Sailing,Mixed Dinghy,No medal
248899,Daniela Moroz,F,United States,USA,2024,Paris,Sailing,Women's Kite,No medal
248900,Sarah Newberry,F,United States,USA,2024,Paris,Sailing,Mixed Multihull,No medal
248901,Erika Reineke,F,United States,USA,2024,Paris,Sailing,Women's Dinghy,No medal
248902,Stephanie Roble,F,United States,USA,2024,Paris,Sailing,Women's Skiff,No medal
248903,Maggie Shea,F,United States,USA,2024,Paris,Sailing,Women's Skiff,No medal
248904,Dominique Stater,F,United States,USA,2024,Paris,Sailing,Women's Windsurfing,No medal
248906,Kayla Canett,F,United States,USA,2024,Paris,Rugby Sevens,Women,Bronze
248907,Lauren Doyle,F,United States,USA,2024,Paris,Rugby Sevens,Women,Bronze
248908,Alev Kelter,F,United States,USA,2024,Paris,Rugby Sevens,Women,Bronze
248909,Kristi Kirshe,F,United States,USA,2024,Paris,Rugby Sevens,Women,Bronze
248910,Sarah Levy,F,United States,USA,2024,Paris,Rugby Sevens,Women,Bronze
248911,Ilona Maher,F,United States,USA,2024,Paris,Rugby Sevens,Women,Bronze
248912,Alena Olsen,F,United States,USA,2024,Paris,Rugby Sevens,Women,Bronze
248913,Ariana Ramsey,F,United States,USA,2024,Paris,Rugby Sevens,Women,Bronze
248914,Steph Rovetti,F,United States,USA,2024,Paris,Rugby Sevens,Women,Bronze
248915,Alex Sedrick,F,United States,USA,2024,Paris,Rugby Sevens,Women,Bronze
248916,Sammy Sullivan,F,United States,USA,2024,Paris,Rugby Sevens,Women,Bronze
248917,Naya Tapper,F,United States,USA,2024,Paris,Rugby Sevens,Women,Bronze
248918,Perry Baker,M,United States,USA,2024,Paris,Rugby Sevens,Men,No medal
248919,Orrin Bizer,M,United States,USA,2024,Paris,Rugby Sevens,Men,No medal
248920,Adam Channel,M,United States,USA,2024,Paris,Rugby Sevens,Men,No medal
248921,Aaron Cummings,M,United States,USA,2024,Paris,Rugby Sevens,Men,No medal
248922,Malacchi Esdale,M,United States,USA,2024,Paris,Rugby Sevens,Men,No medal
248923,Naima Fuala'au,M,United States,USA,2024,Paris,Rugby Sevens,Men,No medal
248924,Madison Hughes,M,United States,USA,2024,Paris,Rugby Sevens,Men,No medal
248925,Lucas Lacamp,M,United States,USA,2024,Paris,Rugby Sevens,Men,No medal
248926,Steve Tomasin,M,United States,USA,2024,Paris,Rugby Sevens,Men,No medal
248927,Marcus Tupuola,M,United States,USA,2024,Paris,Rugby Sevens,Men,No medal
248928,Maka Unufe,M,United States,USA,2024,Paris,Rugby Sevens,Men,No medal
248929,Pita Vi,M,United States,USA,2024,Paris,Rugby Sevens,Men,No medal
248930,Kevon Williams,M,United States,USA,2024,Paris,Rugby Sevens,Men,No medal
248931,Tatiana Nazlymov,F,United States,USA,2024,Paris,Fencing,Women's Sabre Individual,No medal
248932,Tatiana Nazlymov,F,United States,USA,2024,Paris,Fencing,Women's Sabre Team,No medal
248933,Anne Cebula,F,United States,USA,2024,Paris,Fencing,Women's Ã‰pÃ©e Individual,No medal
248934,Anne Cebula,F,United States,USA,2024,Paris,Fencing,Women's Ã‰pÃ©e Team,No medal
248935,Maia Chamberlain,F,United States,USA,2024,Paris,Fencing,Women's Sabre Team,No medal
248936,Miles Chamley-watson,M,United States,USA,2024,Paris,Fencing,Men's Foil Team,No medal
248937,Eli Dershwitz,M,United States,USA,2024,Paris,Fencing,Men's Sabre Individual,No medal
248938,Eli Dershwitz,M,United States,USA,2024,Paris,Fencing,Men's Sabre Team,No medal
248939,Fili Dolegiewicz,M,United States,USA,2024,Paris,Fencing,Men's Sabre Team,No medal
248940,Jacqueline Dubrovich,F,United States,USA,2024,Paris,Fencing,Women's Foil Individual,No medal
248941,Jacqueline Dubrovich,F,United States,USA,2024,Paris,Fencing,Women's Foil Team,Gold
248942,Margherita Guzzi,F,United States,USA,2024,Paris,Fencing,Women's Ã‰pÃ©e Individual,No medal
248943,Margherita Guzzi,F,United States,USA,2024,Paris,Fencing,Women's Ã‰pÃ©e Team,No medal
248944,Colin Heathcock,M,United States,USA,2024,Paris,Fencing,Men's Sabre Individual,No medal
248945,Colin Heathcock,M,United States,USA,2024,Paris,Fencing,Men's Sabre Team,No medal
248946,Katharine Holmes,F,United States,USA,2024,Paris,Fencing,Women's Ã‰pÃ©e Team,No medal
248947,Hadley Husisian,F,United States,USA,2024,Paris,Fencing,Women's Ã‰pÃ©e Individual,No medal
248948,Hadley Husisian,F,United States,USA,2024,Paris,Fencing,Women's Ã‰pÃ©e Team,No medal
248949,Nick Itkin,M,United States,USA,2024,Paris,Fencing,Men's Foil Individual,Bronze
248950,Nick Itkin,M,United States,USA,2024,Paris,Fencing,Men's Foil Team,No medal
248951,Lee Kiefer,F,United States,USA,2024,Paris,Fencing,Women's Foil Individual,Gold
248952,Lee Kiefer,F,United States,USA,2024,Paris,Fencing,Women's Foil Team,Gold
248953,Alexander Massialas,M,United States,USA,2024,Paris,Fencing,Men's Foil Individual,No medal
248954,Alexander Massialas,M,United States,USA,2024,Paris,Fencing,Men's Foil Team,No medal
248955,Gerek Meinhardt,M,United States,USA,2024,Paris,Fencing,Men's Foil Individual,No medal
248956,Gerek Meinhardt,M,United States,USA,2024,Paris,Fencing,Men's Foil Team,No medal
248957,Mitchell Saron,M,United States,USA,2024,Paris,Fencing,Men's Sabre Individual,No medal
248958,Mitchell Saron,M,United States,USA,2024,Paris,Fencing,Men's Sabre Team,No medal
248959,Lauren Scruggs,F,United States,USA,2024,Paris,Fencing,Women's Foil Individual,Silver
248960,Lauren Scruggs,F,United States,USA,2024,Paris,Fencing,Women's Foil Team,Gold
248961,Magda Skarbonkiewicz,F,United States,USA,2024,Paris,Fencing,Women's Sabre Individual,No medal
248962,Magda Skarbonkiewicz,F,United States,USA,2024,Paris,Fencing,Women's Sabre Team,No medal
248963,Elizabeth Tartakovsky,F,United States,USA,2024,Paris,Fencing,Women's Sabre Individual,No medal
248964,Elizabeth Tartakovsky,F,United States,USA,2024,Paris,Fencing,Women's Sabre Team,No medal
248965,Mei Weintraub,F,United States,USA,2024,Paris,Fencing,Women's Foil Team,Gold
248995,Jessica Savner,F,United States,USA,2024,Paris,Modern Pentathlon,Women's Individual,No medal
248996,Angelica Delgado,F,United States,USA,2024,Paris,Judo,Women -52 kg,No medal
248997,John Jayne,M,United States,USA,2024,Paris,Judo,Men -90 kg,No medal
248998,Celia Laborde,F,United States,USA,2024,Paris,Judo,Women -48 kg,No medal
248999,Jack Yonezuka,M,United States,USA,2024,Paris,Judo,Men -73 kg,No medal
249011,Wyndham Clark,M,United States,USA,2024,Paris,Golf,Men's Individual Stroke Play,No medal
249012,Nelly Korda,F,United States,USA,2024,Paris,Golf,Women's Individual Stroke Play,No medal
249013,Collin Morikawa,M,United States,USA,2024,Paris,Golf,Men's Individual Stroke Play,No medal
249014,Xander Schauffele,M,United States,USA,2024,Paris,Golf,Men's Individual Stroke Play,No medal
249015,Scottie Scheffler,M,United States,USA,2024,Paris,Golf,Men's Individual Stroke Play,Gold
249016,Lilia Vu,F,United States,USA,2024,Paris,Golf,Women's Individual Stroke Play,No medal
249017,Rose Zhang,F,United States,USA,2024,Paris,Golf,Women's Individual Stroke Play,No medal
249018,Marcus Orlob,M,United States,USA,2024,Paris,Equestrian,Dressage Individual,No medal
249019,Marcus Orlob,M,United States,USA,2024,Paris,Equestrian,Dressage Team,No medal
249020,Karl Cook,M,United States,USA,2024,Paris,Equestrian,Jumping Team,Silver
249021,Sydney Elliott,F,United States,USA,2024,Paris,Equestrian,Eventing Individual,No medal
249022,Sydney Elliott,F,United States,USA,2024,Paris,Equestrian,Eventing Team,No medal
249023,Kent Farrington,M,United States,USA,2024,Paris,Equestrian,Jumping Individual,No medal
249024,Kent Farrington,M,United States,USA,2024,Paris,Equestrian,Jumping Team,Silver
249025,Elisabeth Halliday,F,United States,USA,2024,Paris,Equestrian,Eventing Individual,No medal
249026,Elisabeth Halliday,F,United States,USA,2024,Paris,Equestrian,Eventing Team,No medal
249027,Laura Kraut,F,United States,USA,2024,Paris,Equestrian,Jumping Individual,No medal
249028,Laura Kraut,F,United States,USA,2024,Paris,Equestrian,Jumping Team,Silver
249029,Adrienne Lyle,F,United States,USA,2024,Paris,Equestrian,Dressage Individual,No medal
249030,Adrienne Lyle,F,United States,USA,2024,Paris,Equestrian,Dressage Team,No medal
249031,Boyd Martin,M,United States,USA,2024,Paris,Equestrian,Eventing Individual,No medal
249032,Boyd Martin,M,United States,USA,2024,Paris,Equestrian,Eventing Team,No medal
249033,Caroline Pamukcu,F,United States,USA,2024,Paris,Equestrian,Eventing Individual,No medal
249034,Caroline Pamukcu,F,United States,USA,2024,Paris,Equestrian,Eventing Team,No medal
249035,Endel Ots,M,United States,USA,2024,Paris,Equestrian,Dressage Team,No medal
249036,Steffen Peters,M,United States,USA,2024,Paris,Equestrian,Dressage Individual,No medal
249037,Steffen Peters,M,United States,USA,2024,Paris,Equestrian,Dressage Team,No medal
249038,Mclain Ward,M,United States,USA,2024,Paris,Equestrian,Jumping Individual,No medal
249039,Mclain Ward,M,United States,USA,2024,Paris,Equestrian,Jumping Team,Silver
249298,Kelsey Bing,F,United States,USA,2024,Paris,Hockey,Women,No medal
249299,Leah Crouse,F,United States,USA,2024,Paris,Hockey,Women,No medal
249300,Brooke Deberdine,F,United States,USA,2024,Paris,Hockey,Women,No medal
249301,Emma Deberdine,F,United States,USA,2024,Paris,Hockey,Women,No medal
249302,Sophia Gladieux,F,United States,USA,2024,Paris,Hockey,Women,No medal
249303,Amanda Golini,F,United States,USA,2024,Paris,Hockey,Women,No medal
249304,Alexandra Hammel,F,United States,USA,2024,Paris,Hockey,Women,No medal
249305,Ashley Hoffman,F,United States,USA,2024,Paris,Hockey,Women,No medal
249306,Karlie Kisha,F,United States,USA,2024,Paris,Hockey,Women,No medal
249307,Kelee Lepage,F,United States,USA,2024,Paris,Hockey,Women,No medal
249308,Ashley Sessa,F,United States,USA,2024,Paris,Hockey,Women,No medal
249309,Meredith Sholder,F,United States,USA,2024,Paris,Hockey,Women,No medal
249310,Abigail Tamer,F,United States,USA,2024,Paris,Hockey,Women,No medal
249311,Elizabeth Yeager,F,United States,USA,2024,Paris,Hockey,Women,No medal
249312,Madeleine Zimmer,F,United States,USA,2024,Paris,Hockey,Women,No medal
249313,Sarah Bacon,F,United States,USA,2024,Paris,Diving,Women's 3m Springboard,No medal
249314,Sarah Bacon,F,United States,USA,2024,Paris,Diving,Women's Synchronised 3m Springboard,Silver
249315,Andrew Capobianco,M,United States,USA,2024,Paris,Diving,Men's 3m Springboard,No medal
249316,Kassidy Cook,F,United States,USA,2024,Paris,Diving,Women's Synchronised 3m Springboard,Silver
249317,Tyler Downs,M,United States,USA,2024,Paris,Diving,Men's Synchronised 3m Springboard,No medal
249318,Greg Duncan,M,United States,USA,2024,Paris,Diving,Men's Synchronised 3m Springboard,No medal
249319,Alison Gibson,F,United States,USA,2024,Paris,Diving,Women's 3m Springboard,No medal
249320,Brandon Loschiavo,M,United States,USA,2024,Paris,Diving,Men's 10m Platform,No medal
249321,Jessica Parratto,F,United States,USA,2024,Paris,Diving,Women's Synchronised 10m Platform,No medal
249322,Delaney Schnell,F,United States,USA,2024,Paris,Diving,Women's 10m Platform,No medal
249323,Delaney Schnell,F,United States,USA,2024,Paris,Diving,Women's Synchronised 10m Platform,No medal
249324,Carson Tyler,M,United States,USA,2024,Paris,Diving,Men's 10m Platform,No medal
249325,Carson Tyler,M,United States,USA,2024,Paris,Diving,Men's 3m Springboard,No medal
249326,Daryn Wright,F,United States,USA,2024,Paris,Diving,Women's 10m Platform,No medal
249429,Joel Embiid,M,United States,USA,2024,Paris,Basketball,Men,Gold
249430,Jayson Tatum,M,United States,USA,2024,Paris,Basketball,Men,Gold
249431,Devin Booker,M,United States,USA,2024,Paris,Basketball,Men,Gold
249432,Bam Adebayo,M,United States,USA,2024,Paris,Basketball,Men,Gold
249433,Stephen Curry,M,United States,USA,2024,Paris,Basketball,Men,Gold
249434,Anthony Davis,M,United States,USA,2024,Paris,Basketball,Men,Gold
249435,Kevin Durant,M,United States,USA,2024,Paris,Basketball,Men,Gold
249436,Anthony Edwards,M,United States,USA,2024,Paris,Basketball,Men,Gold
249437,Tyrese Haliburton,M,United States,USA,2024,Paris,Basketball,Men,Gold
249438,Jrue Holiday,M,United States,USA,2024,Paris,Basketball,Men,Gold
249439,Lebron James,M,United States,USA,2024,Paris,Basketball,Men,Gold
249440,Derrick White,M,United States,USA,2024,Paris,Basketball,Men,Gold
249441,Napheesa Collier,F,United States,USA,2024,Paris,Basketball,Women,Gold
249442,Kahleah Copper,F,United States,USA,2024,Paris,Basketball,Women,Gold
249443,Chelsea Gray,F,United States,USA,2024,Paris,Basketball,Women,Gold
249444,Brittney Griner,F,United States,USA,2024,Paris,Basketball,Women,Gold
249445,Dearica Hamby,F,United States,USA,2024,Paris,3x3 Basketball,Women,Bronze
249446,Rhyne Howard,F,United States,USA,2024,Paris,3x3 Basketball,Women,Bronze
249447,Sabrina Ionescu,F,United States,USA,2024,Paris,Basketball,Women,Gold
249448,Jewell Loyd,F,United States,USA,2024,Paris,Basketball,Women,Gold
249449,Kelsey Plum,F,United States,USA,2024,Paris,Basketball,Women,Gold
249450,Breanna Stewart,F,United States,USA,2024,Paris,Basketball,Women,Gold
249451,Diana Taurasi,F,United States,USA,2024,Paris,Basketball,Women,Gold
249452,Alyssa Thomas,F,United States,USA,2024,Paris,Basketball,Women,Gold
249453,A'ja Wilson,F,United States,USA,2024,Paris,Basketball,Women,Gold
249454,Jackie Young,F,United States,USA,2024,Paris,Basketball,Women,Gold
249455,Canyon Barry,M,United States,USA,2024,Paris,3x3 Basketball,Men,No medal
249456,Cierra Burdick,F,United States,USA,2024,Paris,3x3 Basketball,Women,Bronze
249457,Jimmer Fredette,M,United States,USA,2024,Paris,3x3 Basketball,Men,No medal
249458,Kareem Maddox,M,United States,USA,2024,Paris,3x3 Basketball,Men,No medal
249459,Dylan Travis,M,United States,USA,2024,Paris,3x3 Basketball,Men,No medal
249460,van Hailey,F,United States,USA,2024,Paris,3x3 Basketball,Women,Bronze
249565,Riley Amos,M,United States,USA,2024,Paris,Cycling Mountain Bike,Men's Cross-country,No medal
249566,Savilia Blunk,F,United States,USA,2024,Paris,Cycling Mountain Bike,Women's Cross-country,No medal
249567,Haley Batten,F,United States,USA,2024,Paris,Cycling Mountain Bike,Women's Cross-country,Silver
249568,Perris Benegas,F,United States,USA,2024,Paris,Cycling BMX Freestyle,Women's Park,Silver
249569,Christopher Blevins,M,United States,USA,2024,Paris,Cycling Mountain Bike,Men's Cross-country,No medal
249570,Marcus Christopher,M,United States,USA,2024,Paris,Cycling BMX Freestyle,Men's Park,No medal
249571,Olivia Cummins,F,United States,USA,2024,Paris,Cycling Track,Women's Team Pursuit,Gold
249572,Justin Dowell,M,United States,USA,2024,Paris,Cycling BMX Freestyle,Men's Park,No medal
249573,Chloe Dygert,F,United States,USA,2024,Paris,"Cycling Road, Cycling Track",Women's Road Race,No medal
249574,Chloe Dygert,F,United States,USA,2024,Paris,"Cycling Road, Cycling Track",Women's Individual Time Trial,No medal
249575,Chloe Dygert,F,United States,USA,2024,Paris,"Cycling Road, Cycling Track",Women's Team Pursuit,No medal
249576,Emily Ehrlich,F,United States,USA,2024,Paris,Cycling Track,Women's Team Pursuit,Gold
249577,Kristen Faulkner,F,United States,USA,2024,Paris,"Cycling Road, Cycling Track",Women's Road Race,No medal
249578,Kristen Faulkner,F,United States,USA,2024,Paris,"Cycling Road, Cycling Track",Women's Team Pursuit,No medal
249579,Matteo Jorgenson,M,United States,USA,2024,Paris,Cycling Road,Men's Road Race,No medal
249580,Grant Koontz,M,United States,USA,2024,Paris,Cycling Track,Men's Omnium,No medal
249581,Kamren Larsen,M,United States,USA,2024,Paris,Cycling BMX Racing,Men,No medal
249582,McNULTY Brandon,M,United States,USA,2024,Paris,Cycling Road,Men's Road Race,No medal
249583,McNULTY Brandon,M,United States,USA,2024,Paris,Cycling Road,Men's Individual Time Trial,No medal
249584,Payton Ridenour,F,United States,USA,2024,Paris,Cycling BMX Racing,Women,No medal
249585,Hannah Roberts,F,United States,USA,2024,Paris,Cycling BMX Freestyle,Women's Park,No medal
249586,Magnus Sheffield,M,United States,USA,2024,Paris,Cycling Road,Men's Road Race,No medal
249587,Magnus Sheffield,M,United States,USA,2024,Paris,Cycling Road,Men's Individual Time Trial,No medal
249588,Jeremy Smith,M,United States,USA,2024,Paris,Cycling BMX Racing,Men,No medal
249589,Felicia Stancil,F,United States,USA,2024,Paris,Cycling BMX Racing,Women,No medal
249590,Jennifer Valente,F,United States,USA,2024,Paris,Cycling Track,Women's Madison,No medal
249591,Jennifer Valente,F,United States,USA,2024,Paris,Cycling Track,Women's Omnium,Gold
249592,Jennifer Valente,F,United States,USA,2024,Paris,Cycling Track,Women's Team Pursuit,Gold
249593,Daleny Vaughn,F,United States,USA,2024,Paris,Cycling BMX Racing,Women,No medal
249594,Lily Williams,F,United States,USA,2024,Paris,Cycling Track,Women's Madison,No medal
249595,Lily Williams,F,United States,USA,2024,Paris,Cycling Track,Women's Omnium,No medal
249596,Lily Williams,F,United States,USA,2024,Paris,Cycling Track,Women's Team Pursuit,Gold
249597,Alise Willoughby,F,United States,USA,2024,Paris,Cycling BMX Racing,Women,No medal
249598,Cameron Wood,M,United States,USA,2024,Paris,Cycling BMX Racing,Men,No medal
249599,Casey Eichfeld,M,United States,USA,2024,Paris,Canoe Slalom,Men's Canoe Single,No medal
249600,Casey Eichfeld,M,United States,USA,2024,Paris,Canoe Slalom,Men's Kayak Cross,No medal
249601,Jonas Ecker,M,United States,USA,2024,Paris,Canoe Sprint,Men's Kayak Single 1000m,No medal
249602,Jonas Ecker,M,United States,USA,2024,Paris,Canoe Sprint,Men's Kayak Double 500m,No medal
249603,Nevin Harrison,F,United States,USA,2024,Paris,Canoe Sprint,Women's Canoe Single 200m,Silver
249604,Evy Leibfarth,F,United States,USA,2024,Paris,Canoe Slalom,Women's Canoe Single,Bronze
249605,Evy Leibfarth,F,United States,USA,2024,Paris,Canoe Slalom,Women's Kayak Single,No medal
249606,Evy Leibfarth,F,United States,USA,2024,Paris,Canoe Slalom,Women's Kayak Cross,No medal
249607,Aaron Small,M,United States,USA,2024,Paris,Canoe Sprint,Men's Kayak Single 1000m,No medal
249608,Aaron Small,M,United States,USA,2024,Paris,Canoe Sprint,Men's Kayak Double 500m,No medal
249611,Marquel Brooks,M,United States,USA,2024,Paris,Wrestling,Men's Freestyle 86kg,Bronze
249612,Jacob Coon,M,United States,USA,2024,Paris,Wrestling,Men's Greco-Roman 130kg,No medal
249613,Amit Elor,F,United States,USA,2024,Paris,Wrestling,Women's Freestyle 68kg,Gold
249614,Ameer Bey,M,United States,USA,2024,Paris,Wrestling,Men's Greco-Roman 77kg,No medal
249615,Alexis Blades,F,United States,USA,2024,Paris,Wrestling,Women's Freestyle 76kg,Silver
249616,Douglas Dake,M,United States,USA,2024,Paris,Wrestling,Men's Freestyle 74kg,Bronze
249617,Jon Jacobson,M,United States,USA,2024,Paris,Wrestling,Men's Greco-Roman 87kg,No medal
249618,Ann Hildebrandt,F,United States,USA,2024,Paris,Wrestling,Women's Freestyle 50kg,Gold
249619,Richard Lee,M,United States,USA,2024,Paris,Wrestling,Men's Freestyle 57kg,Silver
249620,Louise Maroulis,F,United States,USA,2024,Paris,Wrestling,Women's Freestyle 57kg,Bronze
249621,Colleen Miracle,F,United States,USA,2024,Paris,Wrestling,Women's Freestyle 62kg,No medal
249622,Mark Parris,M,United States,USA,2024,Paris,Wrestling,Men's Freestyle 125kg,No medal
249623,Olivia Parrish,F,United States,USA,2024,Paris,Wrestling,Women's Freestyle 53kg,No medal
249624,Patrick Rau,M,United States,USA,2024,Paris,Wrestling,Men's Greco-Roman 97kg,No medal
249625,Allen Retherford,M,United States,USA,2024,Paris,Wrestling,Men's Freestyle 65kg,No medal
249626,Frederick Snyder,M,United States,USA,2024,Paris,Wrestling,Men's Freestyle 97kg,No medal
249641,Kerry Xu,F,United States,USA,2024,Paris,Badminton,Women's Doubles,No medal
249642,SUNNY,F,United States,USA,2024,Paris,Breaking,B-Girls,No medal
249643,LOGISTX,F,United States,USA,2024,Paris,Breaking,B-Girls,No medal
249644,JEFFRO,M,United States,USA,2024,Paris,Breaking,B-Boys,No medal
249645,VICTOR,M,United States,USA,2024,Paris,Breaking,B-Boys,Bronze
249646,Brady Ellison,M,United States,USA,2024,Paris,Archery,Men's Individual,Silver
249647,Brady Ellison,M,United States,USA,2024,Paris,Archery,Mixed Team,Bronze
249648,Catalina Gnoriega,F,United States,USA,2024,Paris,Archery,Women's Individual,No medal
249649,Catalina Gnoriega,F,United States,USA,2024,Paris,Archery,Women's Team,No medal
249650,Casey Kaufhold,F,United States,USA,2024,Paris,Archery,Women's Individual,No medal
249651,Casey Kaufhold,F,United States,USA,2024,Paris,Archery,Women's Team,No medal
249652,Casey Kaufhold,F,United States,USA,2024,Paris,Archery,Mixed Team,Bronze
249653,Jennifer Mucino,F,United States,USA,2024,Paris,Archery,Women's Individual,No medal
249654,Jennifer Mucino,F,United States,USA,2024,Paris,Archery,Women's Team,No medal
249655,Vinson Chiu,M,United States,USA,2024,Paris,Badminton,Men's Doubles,No medal
249656,Vinson Chiu,M,United States,USA,2024,Paris,Badminton,Mixed Doubles,No medal
249657,Jennie Gai,F,United States,USA,2024,Paris,Badminton,Mixed Doubles,No medal
249658,Howard Shu,M,United States,USA,2024,Paris,Badminton,Men's Singles,No medal
249659,Annie Xu,F,United States,USA,2024,Paris,Badminton,Women's Doubles,No medal
249660,Joshua Yuan,M,United States,USA,2024,Paris,Badminton,Men's Doubles,No medal
249661,Beiwen Zhang,F,United States,USA,2024,Paris,Badminton,Women's Singles,No medal
249662,Joshua Edwards,M,United States,USA,2024,Paris,Boxing,Men's +92kg,No medal
249663,Jajaira Gonzalez,F,United States,USA,2024,Paris,Boxing,Women's 60kg,No medal
249664,Jahmal Harvey,M,United States,USA,2024,Paris,Boxing,Men's 57kg,No medal
249665,Roscoe Hill,M,United States,USA,2024,Paris,Boxing,Men's 51kg,No medal
249666,Omari Jones,M,United States,USA,2024,Paris,Boxing,Men's 71kg,Bronze
249667,Jennifer Lozano,F,United States,USA,2024,Paris,Boxing,Women's 50kg,No medal
249668,McCANE Morelle,F,United States,USA,2024,Paris,Boxing,Women's 66kg,No medal
249669,Alyssa Mendoza,F,United States,USA,2024,Paris,Boxing,Women's 57kg,No medal
249939,Aliaksei Shostak,M,United States,USA,2024,Paris,Trampoline Gymnastics,Men,No medal
249940,Asher Hong,M,United States,USA,2024,Paris,Artistic Gymnastics,Men,No medal
249941,Asher Hong,M,United States,USA,2024,Paris,Artistic Gymnastics,Men's Floor Exercise,No medal
249942,Asher Hong,M,United States,USA,2024,Paris,Artistic Gymnastics,Men's Horizontal Bar,No medal
249943,Asher Hong,M,United States,USA,2024,Paris,Artistic Gymnastics,Men's Parallel Bars,No medal
249944,Asher Hong,M,United States,USA,2024,Paris,Artistic Gymnastics,Men's Pommel Horse,No medal
249945,Asher Hong,M,United States,USA,2024,Paris,Artistic Gymnastics,Men's Rings,No medal
249946,Asher Hong,M,United States,USA,2024,Paris,Artistic Gymnastics,Men's Vault,No medal
249947,Asher Hong,M,United States,USA,2024,Paris,Artistic Gymnastics,Men's Team,Bronze
249948,Evita Griskenas,F,United States,USA,2024,Paris,Rhythmic Gymnastics,Individual All-Around,No medal
249949,Frederick Richard,M,United States,USA,2024,Paris,Artistic Gymnastics,Men,No medal
249950,Frederick Richard,M,United States,USA,2024,Paris,Artistic Gymnastics,Men's All-Around,No medal
249951,Frederick Richard,M,United States,USA,2024,Paris,Artistic Gymnastics,Men's Floor Exercise,No medal
249952,Frederick Richard,M,United States,USA,2024,Paris,Artistic Gymnastics,Men's Horizontal Bar,No medal
249953,Frederick Richard,M,United States,USA,2024,Paris,Artistic Gymnastics,Men's Parallel Bars,No medal
249954,Frederick Richard,M,United States,USA,2024,Paris,Artistic Gymnastics,Men's Pommel Horse,No medal
249955,Frederick Richard,M,United States,USA,2024,Paris,Artistic Gymnastics,Men's Rings,No medal
249956,Frederick Richard,M,United States,USA,2024,Paris,Artistic Gymnastics,Men's Vault,No medal
249957,Frederick Richard,M,United States,USA,2024,Paris,Artistic Gymnastics,Men's Team,Bronze
249958,Hezly Rivera,F,United States,USA,2024,Paris,Artistic Gymnastics,Women,No medal
249959,Hezly Rivera,F,United States,USA,2024,Paris,Artistic Gymnastics,Women's Balance Beam,No medal
249960,Hezly Rivera,F,United States,USA,2024,Paris,Artistic Gymnastics,Women's Floor Exercise,No medal
249961,Hezly Rivera,F,United States,USA,2024,Paris,Artistic Gymnastics,Women's Uneven Bars,No medal
249962,Hezly Rivera,F,United States,USA,2024,Paris,Artistic Gymnastics,Women's Vault,No medal
249963,Hezly Rivera,F,United States,USA,2024,Paris,Artistic Gymnastics,Women's Team,Gold
249964,Jade Carey,F,United States,USA,2024,Paris,Artistic Gymnastics,Women,No medal
249965,Jade Carey,F,United States,USA,2024,Paris,Artistic Gymnastics,Women's Balance Beam,No medal
249966,Jade Carey,F,United States,USA,2024,Paris,Artistic Gymnastics,Women's Floor Exercise,No medal
249967,Jade Carey,F,United States,USA,2024,Paris,Artistic Gymnastics,Women's Uneven Bars,No medal
249968,Jade Carey,F,United States,USA,2024,Paris,Artistic Gymnastics,Women's Vault,Bronze
249969,Jade Carey,F,United States,USA,2024,Paris,Artistic Gymnastics,Women's Team,Gold
249970,Jessica Stevens,F,United States,USA,2024,Paris,Trampoline Gymnastics,Women,No medal
249971,Brody Malone,M,United States,USA,2024,Paris,Artistic Gymnastics,Men,No medal
249972,Brody Malone,M,United States,USA,2024,Paris,Artistic Gymnastics,Men's All-Around,No medal
249973,Brody Malone,M,United States,USA,2024,Paris,Artistic Gymnastics,Men's Floor Exercise,No medal
249974,Brody Malone,M,United States,USA,2024,Paris,Artistic Gymnastics,Men's Horizontal Bar,No medal
249975,Brody Malone,M,United States,USA,2024,Paris,Artistic Gymnastics,Men's Parallel Bars,No medal
249976,Brody Malone,M,United States,USA,2024,Paris,Artistic Gymnastics,Men's Pommel Horse,No medal
249977,Brody Malone,M,United States,USA,2024,Paris,Artistic Gymnastics,Men's Rings,No medal
249978,Brody Malone,M,United States,USA,2024,Paris,Artistic Gymnastics,Men's Vault,No medal
249979,Brody Malone,M,United States,USA,2024,Paris,Artistic Gymnastics,Men's Team,Bronze
249980,Jordan Chiles,F,United States,USA,2024,Paris,Artistic Gymnastics,Women,No medal
249981,Jordan Chiles,F,United States,USA,2024,Paris,Artistic Gymnastics,Women's All-Around,No medal
249982,Jordan Chiles,F,United States,USA,2024,Paris,Artistic Gymnastics,Women's Balance Beam,No medal
249983,Jordan Chiles,F,United States,USA,2024,Paris,Artistic Gymnastics,Women's Floor Exercise,No medal
249984,Jordan Chiles,F,United States,USA,2024,Paris,Artistic Gymnastics,Women's Uneven Bars,No medal
249985,Jordan Chiles,F,United States,USA,2024,Paris,Artistic Gymnastics,Women's Vault,No medal
249986,Jordan Chiles,F,United States,USA,2024,Paris,Artistic Gymnastics,Women's Team,Gold
249987,Paul Juda,M,United States,USA,2024,Paris,Artistic Gymnastics,Men,No medal
249988,Paul Juda,M,United States,USA,2024,Paris,Artistic Gymnastics,Men's All-Around,No medal
249989,Paul Juda,M,United States,USA,2024,Paris,Artistic Gymnastics,Men's Floor Exercise,No medal
249990,Paul Juda,M,United States,USA,2024,Paris,Artistic Gymnastics,Men's Horizontal Bar,No medal
249991,Paul Juda,M,United States,USA,2024,Paris,Artistic Gymnastics,Men's Parallel Bars,No medal
249992,Paul Juda,M,United States,USA,2024,Paris,Artistic Gymnastics,Men's Pommel Horse,No medal
249993,Paul Juda,M,United States,USA,2024,Paris,Artistic Gymnastics,Men's Rings,No medal
249994,Paul Juda,M,United States,USA,2024,Paris,Artistic Gymnastics,Men's Vault,No medal
249995,Paul Juda,M,United States,USA,2024,Paris,Artistic Gymnastics,Men's Team,Bronze
249996,Simone Biles,F,United States,USA,2024,Paris,Artistic Gymnastics,Women,No medal
249997,Simone Biles,F,United States,USA,2024,Paris,Artistic Gymnastics,Women's All-Around,Gold
249998,Simone Biles,F,United States,USA,2024,Paris,Artistic Gymnastics,Women's Balance Beam,No medal
249999,Simone Biles,F,United States,USA,2024,Paris,Artistic Gymnastics,Women's Floor Exercise,Silver
250000,Simone Biles,F,United States,USA,2024,Paris,Artistic Gymnastics,Women's Uneven Bars,No medal
250001,Simone Biles,F,United States,USA,2024,Paris,Artistic Gymnastics,Women's Vault,Gold
250002,Simone Biles,F,United States,USA,2024,Paris,Artistic Gymnastics,Women's Team,Gold
250003,Stephen Nedoroscik,M,United States,USA,2024,Paris,Artistic Gymnastics,Men,No medal
250004,Stephen Nedoroscik,M,United States,USA,2024,Paris,Artistic Gymnastics,Men's Floor Exercise,No medal
250005,Stephen Nedoroscik,M,United States,USA,2024,Paris,Artistic Gymnastics,Men's Horizontal Bar,No medal
250006,Stephen Nedoroscik,M,United States,USA,2024,Paris,Artistic Gymnastics,Men's Parallel Bars,No medal
250007,Stephen Nedoroscik,M,United States,USA,2024,Paris,Artistic Gymnastics,Men's Pommel Horse,Bronze
250008,Stephen Nedoroscik,M,United States,USA,2024,Paris,Artistic Gymnastics,Men's Rings,No medal
250009,Stephen Nedoroscik,M,United States,USA,2024,Paris,Artistic Gymnastics,Men's Vault,No medal
250010,Stephen Nedoroscik,M,United States,USA,2024,Paris,Artistic Gymnastics,Men's Team,Bronze
250011,Sunisa Lee,F,United States,USA,2024,Paris,Artistic Gymnastics,Women,No medal
250012,Sunisa Lee,F,United States,USA,2024,Paris,Artistic Gymnastics,Women's All-Around,Bronze
250013,Sunisa Lee,F,United States,USA,2024,Paris,Artistic Gymnastics,Women's Balance Beam,No medal
250014,Sunisa Lee,F,United States,USA,2024,Paris,Artistic Gymnastics,Women's Floor Exercise,No medal
250015,Sunisa Lee,F,United States,USA,2024,Paris,Artistic Gymnastics,Women's Uneven Bars,Bronze
250016,Sunisa Lee,F,United States,USA,2024,Paris,Artistic Gymnastics,Women's Vault,No medal
250017,Sunisa Lee,F,United States,USA,2024,Paris,Artistic Gymnastics,Women's Team,Gold
250040,Vernon Norwood,M,United States,USA,2024,Paris,Athletics,Men's 4 x 400m Relay,Gold
250041,Vernon Norwood,M,United States,USA,2024,Paris,Athletics,4 x 400m Relay Mixed,Silver
250042,Aleia Hobbs,F,United States,USA,2024,Paris,Athletics,Women's 4 x 100m Relay,Gold
250043,Abdihamid Nur,M,United States,USA,2024,Paris,Athletics,Men's 5000m,No medal
250044,Christian Coleman,M,United States,USA,2024,Paris,Athletics,Men's 4 x 100m Relay,No medal
250045,Nikki Hiltz,F,United States,USA,2024,Paris,Athletics,Women's 1500m,No medal
250046,Emily Mackay,F,United States,USA,2024,Paris,Athletics,Women's 1500m,No medal
250047,Elle St.,F,United States,USA,2024,Paris,Athletics,Women's 1500m,No medal
250048,Freddie Crittenden,M,United States,USA,2024,Paris,Athletics,Men's 110m Hurdles,No medal
250049,Heath Baldwin,M,United States,USA,2024,Paris,Athletics,Men's Decathlon,No medal
250050,Jarrion Lawson,M,United States,USA,2024,Paris,Athletics,Men's Long Jump,No medal
250051,Karissa Schweizer,F,United States,USA,2024,Paris,Athletics,"Women's 10,000m",No medal
250052,Karissa Schweizer,F,United States,USA,2024,Paris,Athletics,Women's 5000m,No medal
250053,Lynna Irby-jackson,F,United States,USA,2024,Paris,Athletics,4 x 400m Relay Mixed,No medal
250054,Masai Russell,F,United States,USA,2024,Paris,Athletics,Women's 100m Hurdles,Gold
250055,Noah Lyles,M,United States,USA,2024,Paris,Athletics,Men's 100m,Gold
250056,Noah Lyles,M,United States,USA,2024,Paris,Athletics,Men's 200m,Bronze
250057,Noah Lyles,M,United States,USA,2024,Paris,Athletics,Men's 4 x 100m Relay,No medal
250058,Quincy Hall,M,United States,USA,2024,Paris,Athletics,Men's 400m,Gold
250059,Quincy Hall,M,United States,USA,2024,Paris,Athletics,Men's 4 x 400m Relay,Gold
250060,Sam Kendricks,M,United States,USA,2024,Paris,Athletics,Men's Pole Vault,Silver
250061,Shamier Little,F,United States,USA,2024,Paris,Athletics,Women's 4 x 400m Relay,Gold
250062,Shamier Little,F,United States,USA,2024,Paris,Athletics,4 x 400m Relay Mixed,Silver
250063,Sha'carri Richardson,F,United States,USA,2024,Paris,Athletics,Women's 100m,Silver
250064,Sha'carri Richardson,F,United States,USA,2024,Paris,Athletics,Women's 4 x 100m Relay,Gold
250065,William Kincaid,M,United States,USA,2024,Paris,Athletics,"Men's 10,000m",No medal
250087,Anna Cockrell,F,United States,USA,2024,Paris,Athletics,Women's 400m Hurdles,Silver
250088,Brittany Brown,F,United States,USA,2024,Paris,Athletics,Women's 200m,Bronze
250089,Bryce Deadmon,M,United States,USA,2024,Paris,Athletics,Men's 4 x 400m Relay,Gold
250090,Bryce Deadmon,M,United States,USA,2024,Paris,Athletics,4 x 400m Relay Mixed,Silver
250091,Christopher Bailey,M,United States,USA,2024,Paris,Athletics,Men's 400m,No medal
250092,Christopher Bailey,M,United States,USA,2024,Paris,Athletics,Men's 4 x 400m Relay,Gold
250093,Cj Allen,M,United States,USA,2024,Paris,Athletics,Men's 400m Hurdles,No medal
250094,Dakotah Lindwurm,F,United States,USA,2024,Paris,Athletics,Women's Marathon,No medal
250095,Elise Cranny,F,United States,USA,2024,Paris,Athletics,Women's 5000m,No medal
250096,Joseph Brown,M,United States,USA,2024,Paris,Athletics,Men's Discus Throw,No medal
250097,Kaylyn Brown,F,United States,USA,2024,Paris,Athletics,Women's 4 x 400m Relay,Gold
250098,Kaylyn Brown,F,United States,USA,2024,Paris,Athletics,4 x 400m Relay Mixed,Silver
250099,Graham Blanks,M,United States,USA,2024,Paris,Athletics,Men's 5000m,No medal
250100,Kenneth Bednarek,M,United States,USA,2024,Paris,Athletics,Men's 100m,No medal
250101,Kenneth Bednarek,M,United States,USA,2024,Paris,Athletics,Men's 200m,Silver
250102,Kenneth Bednarek,M,United States,USA,2024,Paris,Athletics,Men's 4 x 100m Relay,No medal
250103,Malcolm Clemons,M,United States,USA,2024,Paris,Athletics,Men's Long Jump,No medal
250104,Matthew Boling,M,United States,USA,2024,Paris,Athletics,Men's 4 x 400m Relay,No medal
250105,Nia Akins,F,United States,USA,2024,Paris,Athletics,Women's 800m,No medal
250106,Rai Benjamin,M,United States,USA,2024,Paris,Athletics,Men's 400m Hurdles,Gold
250107,Rai Benjamin,M,United States,USA,2024,Paris,Athletics,Men's 4 x 400m Relay,Gold
250108,Ryan Crouser,M,United States,USA,2024,Paris,Athletics,Men's Shot Put,Gold
250109,Taliyah Brooks,F,United States,USA,2024,Paris,Athletics,Women's Heptathlon,No medal
250110,Tamari Davis,F,United States,USA,2024,Paris,Athletics,Women's 4 x 100m Relay,Gold
250111,Tara Davis-woodhall,F,United States,USA,2024,Paris,Athletics,Women's Long Jump,Gold
250112,Trevor Bassitt,M,United States,USA,2024,Paris,Athletics,Men's 400m Hurdles,No medal
250113,Valarie Allman,F,United States,USA,2024,Paris,Athletics,Women's Discus Throw,Gold
250114,Valerie Constien,F,United States,USA,2024,Paris,Athletics,Women's 3000m Steeplechase,No medal
250115,Vashti Cunningham,F,United States,USA,2024,Paris,Athletics,Women's High Jump,No medal
250138,Nneka Echikunwoke,F,United States,USA,2024,Paris,Athletics,Women's Hammer Throw,Silver
250139,Andrew Evans,M,United States,USA,2024,Paris,Athletics,Men's Discus Throw,No medal
250140,Anna Hall,F,United States,USA,2024,Paris,Athletics,Women's Heptathlon,No medal
250141,Alexis Holmes,F,United States,USA,2024,Paris,Athletics,Women's 400m,No medal
250142,Alexis Holmes,F,United States,USA,2024,Paris,Athletics,Women's 4 x 400m Relay,Gold
250143,Alaysha Johnson,F,United States,USA,2024,Paris,Athletics,Women's 100m Hurdles,No medal
250144,Bryce Hoppel,M,United States,USA,2024,Paris,Athletics,Men's 800m,No medal
250145,Hobbs Kessler,M,United States,USA,2024,Paris,Athletics,Men's 1500m,No medal
250146,Hobbs Kessler,M,United States,USA,2024,Paris,Athletics,Men's 800m,No medal
250147,Chase Jackson,F,United States,USA,2024,Paris,Athletics,Women's Shot Put,No medal
250148,Chari Hawkins,F,United States,USA,2024,Paris,Athletics,Women's Heptathlon,No medal
250149,Cole Hocker,M,United States,USA,2024,Paris,Athletics,Men's 1500m,Gold
250150,Daniel Haugh,M,United States,USA,2024,Paris,Athletics,Men's Hammer Throw,No medal
250151,Fred Kerley,M,United States,USA,2024,Paris,Athletics,Men's 100m,Bronze
250152,Fred Kerley,M,United States,USA,2024,Paris,Athletics,Men's 4 x 100m Relay,No medal
250153,Grant Fisher,M,United States,USA,2024,Paris,Athletics,"Men's 10,000m",Bronze
250154,Grant Fisher,M,United States,USA,2024,Paris,Athletics,Men's 5000m,Bronze
250155,Grant Holloway,M,United States,USA,2024,Paris,Athletics,Men's 110m Hurdles,Gold
250156,Jameesia Ford,F,United States,USA,2024,Paris,Athletics,Women's 4 x 400m Relay,No medal
250157,Juvaughn Harrison,M,United States,USA,2024,Paris,Athletics,Men's High Jump,No medal
250158,Kendall Ellis,F,United States,USA,2024,Paris,Athletics,Women's 400m,No medal
250159,Kendall Ellis,F,United States,USA,2024,Paris,Athletics,Women's 4 x 400m Relay,Gold
250160,Marisa Howard,F,United States,USA,2024,Paris,Athletics,Women's 3000m Steeplechase,No medal
250161,Melissa Jefferson,F,United States,USA,2024,Paris,Athletics,Women's 100m,Bronze
250162,Melissa Jefferson,F,United States,USA,2024,Paris,Athletics,Women's 4 x 100m Relay,Gold
250163,Quanera Hayes,F,United States,USA,2024,Paris,Athletics,Women's 4 x 400m Relay,Gold
250164,Tori Franklin,F,United States,USA,2024,Paris,Athletics,Women's Triple Jump,No medal
250167,Veronica Fraley,F,United States,USA,2024,Paris,Athletics,Women's Discus Throw,No medal
250169,Weini Kelati,F,United States,USA,2024,Paris,Athletics,"Women's 10,000m",No medal
250477,McRAE Khaleb,M,United States,USA,2024,Paris,Athletics,4 x 400m Relay Mixed,No medal
250478,Monae' Nichols,F,United States,USA,2024,Paris,Athletics,Women's Long Jump,No medal
250496,Brandon Miller,M,United States,USA,2024,Paris,Athletics,Men's 800m,No medal
250497,Courtney Lindsey,M,United States,USA,2024,Paris,Athletics,Men's 4 x 100m Relay,No medal
250498,Courtney Lindsey,M,United States,USA,2024,Paris,Athletics,Men's 4 x 400m Relay,Gold
250499,Conner Mantz,M,United States,USA,2024,Paris,Athletics,Men's Marathon,No medal
250500,Christopher Nilsen,M,United States,USA,2024,Paris,Athletics,Men's Pole Vault,No medal
250501,Deanna Price,F,United States,USA,2024,Paris,Athletics,Women's Hammer Throw,No medal
250502,Daniel Roberts,M,United States,USA,2024,Paris,Athletics,Men's 110m Hurdles,Silver
250503,Erriyon Knighton,M,United States,USA,2024,Paris,Athletics,Men's 200m,No medal
250504,Erin Reese,F,United States,USA,2024,Paris,Athletics,Women's Hammer Throw,No medal
250505,Fiona O'keeffe,F,United States,USA,2024,Paris,Athletics,Women's Marathon,No medal
250506,Joe Kovacs,M,United States,USA,2024,Paris,Athletics,Men's Shot Put,Silver
250507,Jasmine Moore,F,United States,USA,2024,Paris,Athletics,Women's Long Jump,Bronze
250508,Jasmine Moore,F,United States,USA,2024,Paris,Athletics,Women's Triple Jump,Bronze
250509,Jenna Prandini,F,United States,USA,2024,Paris,Athletics,Women's 4 x 100m Relay,No medal
250510,Kyree King,M,United States,USA,2024,Paris,Athletics,Men's 4 x 100m Relay,No medal
250511,Katie Moon,F,United States,USA,2024,Paris,Athletics,Women's Pole Vault,Silver
250512,Keturah Orji,F,United States,USA,2024,Paris,Athletics,Women's Triple Jump,No medal
250513,Leonard Korir,M,United States,USA,2024,Paris,Athletics,Men's Marathon,No medal
250514,Mckenzie Long,F,United States,USA,2024,Paris,Athletics,Women's 200m,No medal
250515,Maggie Malone-hardin,F,United States,USA,2024,Paris,Athletics,Women's Javelin Throw,No medal
250516,Michael Norman,M,United States,USA,2024,Paris,Athletics,Men's 400m,No medal
250517,Michael Norman,M,United States,USA,2024,Paris,Athletics,Men's 4 x 400m Relay,Gold
250518,Payton Otterdahl,M,United States,USA,2024,Paris,Athletics,Men's Shot Put,No medal
250519,Russell Robinson,M,United States,USA,2024,Paris,Athletics,Men's Triple Jump,No medal
250520,Salif Mane,M,United States,USA,2024,Paris,Athletics,Men's Triple Jump,No medal
250521,Sam Mattis,M,United States,USA,2024,Paris,Athletics,Men's Discus Throw,No medal
250522,McEWEN Shelby,M,United States,USA,2024,Paris,Athletics,Men's High Jump,Silver
250523,McLAUGHLIN-LEVRONE Sydney,F,United States,USA,2024,Paris,Athletics,Women's 400m Hurdles,Gold
250524,McLAUGHLIN-LEVRONE Sydney,F,United States,USA,2024,Paris,Athletics,Women's 4 x 400m Relay,Gold
250525,Whittni Morgan,F,United States,USA,2024,Paris,Athletics,Women's 5000m,No medal
250526,Yared Nuguse,M,United States,USA,2024,Paris,Athletics,Men's 1500m,Bronze
250600,Courtney Wayment,F,United States,USA,2024,Paris,Athletics,Women's 3000m Steeplechase,No medal
250601,Allie Wilson,F,United States,USA,2024,Paris,Athletics,Women's 800m,No medal
250602,Bridget Williams,F,United States,USA,2024,Paris,Athletics,Women's Pole Vault,No medal
250603,Curtis Thompson,M,United States,USA,2024,Paris,Athletics,Men's Javelin Throw,No medal
250604,Clayton Young,M,United States,USA,2024,Paris,Athletics,Men's Marathon,No medal
250605,Donald Scott,M,United States,USA,2024,Paris,Athletics,Men's Triple Jump,No medal
250606,Emily Sisson,F,United States,USA,2024,Paris,Athletics,Women's Marathon,No medal
250607,Gabrielle Thomas,F,United States,USA,2024,Paris,Athletics,Women's 200m,Gold
250608,Gabrielle Thomas,F,United States,USA,2024,Paris,Athletics,Women's 4 x 100m Relay,Gold
250609,Gabrielle Thomas,F,United States,USA,2024,Paris,Athletics,Women's 4 x 400m Relay,Gold
250610,Harrison Williams,M,United States,USA,2024,Paris,Athletics,Men's Decathlon,No medal
250611,Jaida Ross,F,United States,USA,2024,Paris,Athletics,Women's Shot Put,No medal
250612,Jayden Ulrich,F,United States,USA,2024,Paris,Athletics,Women's Discus Throw,No medal
250613,Juliette Whittaker,F,United States,USA,2024,Paris,Athletics,Women's 800m,No medal
250614,Jacob Wooten,M,United States,USA,2024,Paris,Athletics,Men's Pole Vault,No medal
250615,Kenneth Rooks,M,United States,USA,2024,Paris,Athletics,Men's 3000m Steeplechase,Silver
250616,Kendal Williams,M,United States,USA,2024,Paris,Athletics,Men's 4 x 100m Relay,No medal
250617,Matthew Wilkinson,M,United States,USA,2024,Paris,Athletics,Men's 3000m Steeplechase,No medal
250618,Raven Saunders,F,United States,USA,2024,Paris,Athletics,Women's Shot Put,No medal
250619,Rudy Winkler,M,United States,USA,2024,Paris,Athletics,Men's Hammer Throw,No medal
250620,Twanisha Terry,F,United States,USA,2024,Paris,Athletics,Women's 100m,No medal
250621,Twanisha Terry,F,United States,USA,2024,Paris,Athletics,Women's 4 x 100m Relay,Gold
250622,Vernon Turner,M,United States,USA,2024,Paris,Athletics,Men's High Jump,No medal
250623,Zachery Ziemek,M,United States,USA,2024,Paris,Athletics,Men's Decathlon,No medal
252157,Megan Valzonis,F,United States,USA,2024,Paris,Hockey,Women,No medal
252430,Matai Leuta,M,United States,USA,2024,Paris,Rugby Sevens,Men,No medal
252475,Croix Bethune,F,United States,USA,2024,Paris,Football,Women,Gold
252541,Rachel Glenn,F,United States,USA,2024,Paris,Athletics,Women's High Jump,No medal
252542,Nico Young,M,United States,USA,2024,Paris,Athletics,"Men's 10,000m",No medal
252543,Aaliyah Butler,F,United States,USA,2024,Paris,Athletics,Women's 400m,No medal
252544,Aaliyah Butler,F,United States,USA,2024,Paris,Athletics,Women's 4 x 400m Relay,Gold
252545,Jasmine Jones,F,United States,USA,2024,Paris,Athletics,Women's 400m Hurdles,No medal
252546,Isabella Whittaker,F,United States,USA,2024,Paris,Athletics,4 x 400m Relay Mixed,Silver
252547,Parker Valby,F,United States,USA,2024,Paris,Athletics,"Women's 10,000m",No medal
252548,James Corrigan,M,United States,USA,2024,Paris,Athletics,Men's 3000m Steeplechase,No medal
252549,Jeremiah Davis,M,United States,USA,2024,Paris,Athletics,Men's Long Jump,No medal
252550,Quincy Wilson,M,United States,USA,2024,Paris,Athletics,Men's 4 x 400m Relay,Gold
252551,Quincy Wilson,M,United States,USA,2024,Paris,Athletics,4 x 400m Relay Mixed,Silver
252552,Brynn King,F,United States,USA,2024,Paris,Athletics,Women's Pole Vault,No medal
252553,Grace Stark,F,United States,USA,2024,Paris,Athletics,Women's 100m Hurdles,No medal
